Little Hole final habitat variables file,,,,
SFR,6/12/2009 20:50,,,
CellNumber,FracShelt,DistHide,FracSpawn,FracHide
1,0.2,0.5,0,0.2
2,0.2,0.5,0,0.2
3,0.4,0.2,0,0.6
4,0.02,10,0,0.01
5,0.01,15,0,0
6,0.01,5,0,0.01
7,0.01,5,0,0.01
8,0.05,2.1,0,0.02
9,0.05,2.1,0,0.02
10,0.05,2.1,0,0.02
11,0.05,2.1,0,0.02
12,0.05,2.1,0,0.02
13,0.05,0.3,0,0.7
14,0.05,0.3,0,0.7
15,0.05,0.3,0,0.7
16,0.05,0.3,0,0.7
17,0.2,0.5,0,0.2
18,0.2,0.5,0,0.2
19,0.2,0.5,0,0.2
20,0.2,0.5,0,0.2
21,0.02,5,0,0.01
22,0.05,4.02,0,0.01
23,0.05,2.1,0,0.02
24,0.1,1.5,0,0.02
25,0.05,2.1,0,0.02
26,0.05,2.1,0,0.02
27,0.05,2.1,0,0.02
28,0.05,2.1,0,0.02
29,0.05,2.1,0,0.02
30,0,2,0,0.05
31,0.05,0.3,0,0.7
32,0,2,0,0.05
33,0,2,0,0.05
34,0,2,0,0.05
35,0.2,0.5,0,0.2
36,0.2,0.5,0,0.2
37,0.2,0.5,0,0.2
38,0.2,0.5,0,0.2
39,0.2,0.5,0,0.2
40,0.2,0.5,0,0.2
41,0.2,0.5,0,0.2
42,0.05,10,0,0.01
43,0.02,5,0,0.01
44,0.02,5,0,0.01
45,0.1,1.5,0,0.02
46,0.05,2.1,0,0.02
47,0.05,2.1,0,0.02
48,0.01,4.02,0,0.01
49,0,2,0,0.05
50,0,2,0,0.05
51,0,2,0,0.05
52,0,0.5,0,0.1
53,0,2,0,0.05
54,0.2,0.5,0,0.2
55,0.2,0.5,0,0.2
56,0.2,0.5,0,0.2
57,0.2,0.5,0,0.2
58,0.05,10,0,0.01
59,0.2,0.5,0,0.2
60,0.04,2,0,0.02
61,0.05,10,0,0.01
62,0.04,2,0,0.02
63,0.01,4.02,0,0.01
64,0.01,4.02,0,0.01
65,0,0.5,0,0.1
66,0,0.5,0,0.1
67,0.05,1.5,0,0.02
68,0,0.5,0,0.1
69,0,0.5,0,0.1
70,0,0.5,0,0.1
71,0,0.5,0,0.1
72,0.2,0.5,0,0.2
73,0.2,0.5,0,0.2
74,0.2,0.5,0,0.2
75,0.4,0.2,0,0.6
76,0.4,0.2,0,0.6
77,0.04,2,0,0.02
78,0.04,2,0,0.02
79,0.04,2,0,0.02
80,0.05,1.5,0,0.02
81,0,0.25,0,0.2
82,0,0.25,0,0.2
83,0,0.25,0,0.2
84,0.05,1.5,0,0.02
85,0,0.25,0,0.2
86,0.05,1.5,0,0.02
87,0,0.25,0,0.2
88,0,0.5,0,0.1
89,0.2,0.5,0,0.2
90,0.2,0.5,0,0.2
91,0.2,0.5,0,0.2
92,0.05,10,0,0.01
93,0.2,0.5,0,0.2
94,0.05,10,0,0.01
95,0.05,10,0,0.01
96,0.05,10,0,0.01
97,0.4,0.2,0,0.6
98,0.05,10,0,0.01
99,0,0.25,0,0.2
100,0,0.25,0,0.2
101,0.05,1.5,0,0.02
102,0,0.25,0,0.2
103,0,0.25,0,0.2
104,0,0.25,0,0.2
105,0.05,1.5,0,0.02
106,0.05,1.5,0,0.02
107,0.05,1.5,0,0.02
108,0.05,1.5,0,0.02
109,0,0.25,0,0.2
110,0.2,0.5,0,0.2
111,0.2,0.5,0,0.2
112,0.2,0.5,0,0.2
113,0.2,0.5,0,0.2
114,0.4,0.2,0,0.6
115,0.4,0.2,0,0.6
116,0.05,10,0,0.01
117,0.4,0.2,0,0.6
118,0,0.25,0,0.2
119,0,0.25,0,0.2
120,0,0.25,0,0.2
121,0.05,1.5,0,0.02
122,0,0.25,0,0.2
123,0,0.25,0,0.2
124,0,0.25,0,0.2
125,0.05,1.5,0,0.02
126,0.05,1.5,0,0.02
127,0.05,10,0,0.01
128,0.05,1.5,0,0.03
129,0.2,0.5,0,0.2
130,0.2,0.5,0,0.2
131,0.2,0.5,0,0.2
132,0.4,0.2,0,0.6
133,0.2,0.5,0,0.2
134,0.6,0.8,0,0.05
135,0.05,1.5,0,0.03
136,0.05,10,0,0.01
137,0,0.75,0,0.05
138,0,0.75,0,0.05
139,0,0.25,0,0.2
140,0.05,1.5,0,0.02
141,0,0.75,0,0.05
142,0.2,0.5,0,0.2
143,0.2,0.5,0,0.2
144,0.05,1.5,0,0.03
145,0.05,1.5,0,0.02
146,0.05,1.5,0,0.03
147,0.2,0.5,0,0.2
148,0.2,0.5,0,0.2
149,0.2,0.5,0,0.2
150,0.2,0.5,0,0.2
151,0.2,0.5,0,0.2
152,0.2,0.5,0,0.2
153,0.2,0.5,0,0.2
154,0.2,0.8,0,0.15
155,0.2,0.8,0,0.15
156,0.02,1.5,0,0.02
157,0.01,4.02,0,0.01
158,0.03,4.02,0,0.01
159,0.01,4.02,0,0.01
160,0,0.75,0,0.05
161,0.03,4.02,0,0.01
162,0.01,4.02,0,0.01
163,0,0.75,0,0.05
164,0,0.75,0,0.05
165,0.2,0.5,0,0.2
166,0.2,0.5,0,0.2
167,0.2,0.5,0,0.2
168,0.2,0.5,0,0.2
169,0.2,0.5,0,0.2
170,0.05,2,0,0.01
171,0.02,1.5,0,0.02
172,0.04,1.5,0,0.02
173,0.02,1.5,0,0.02
174,0.03,4.02,0,0.01
175,0.03,4.02,0,0.01
176,0.01,4.02,0,0.01
177,0.01,4.02,0,0.01
178,0.01,4.02,0,0.01
179,0,1,0.01,0.1
180,0,1,0.01,0.1
181,0.2,0.5,0,0.2
182,0.2,0.5,0,0.2
183,0.2,0.5,0,0.2
184,0.2,0.5,0,0.2
185,0.2,0.5,0,0.2
186,0.05,2,0,0.01
187,0.05,2,0,0.01
188,0.04,1.5,0,0.02
189,0.04,1.5,0,0.02
190,0.03,4.02,0,0.01
191,0.03,4.02,0,0.01
192,0.03,4.02,0,0.01
193,0.01,4.02,0,0.01
194,0.01,4.02,0,0.01
195,0,1,0.01,0.1
196,0.2,0.5,0,0.2
197,0.2,0.5,0,0.2
198,0.2,0.5,0,0.2
199,0.2,0.5,0,0.2
200,0.2,0.5,0,0.2
201,0.2,0.5,0,0.2
202,0.03,2,0,0.02
203,0.04,2,0,0.01
204,0.03,2,0,0.02
205,0.04,1.5,0,0.02
206,0.03,2,0,0.02
207,0.04,2,0,0.01
208,0.04,2,0,0.01
209,0,1,0,0.1
210,0,1.5,0,0.05
211,0,1,0,0.1
212,0,1,0,0.1
213,0,1,0,0.1
214,0,1,0,0.1
215,0,1,0,0.1
216,0.2,0.5,0,0.2
217,0.2,0.5,0,0.2
218,0.2,0.5,0,0.2
219,0.2,0.5,0,0.2
220,0.2,0.5,0,0.2
221,0.2,0.5,0,0.2
222,0.2,0.5,0,0.2
223,0.4,0.2,0,0.6
224,0.4,0.2,0,0.6
225,0.03,2,0,0.02
226,0.03,2,0,0.02
227,0.03,2,0,0.02
228,0.04,2,0,0.01
229,0,1.5,0,0.05
230,0,1,0,0.1
231,0,1,0,0.1
232,0,1.5,0,0.05
233,0,1.5,0,0.05
234,0,1,0,0.1
235,0,1,0,0.1
236,0,1,0,0.1
237,0.2,0.5,0,0.2
238,0.2,0.5,0,0.2
239,0.2,0.5,0,0.2
240,0.2,0.5,0,0.2
241,0.2,0.5,0,0.2
242,0.2,0.5,0,0.2
243,0.2,0.5,0,0.2
244,0.2,0.5,0,0.2
245,0.2,0.5,0,0.2
246,0.2,0.5,0,0.2
247,0.2,0.5,0,0.2
248,0.02,2,0,0.02
249,0.02,2,0,0.02
250,0.02,2,0,0.02
251,0.03,1.5,0,0.02
252,0.02,2,0,0.02
253,0,3,0,0.05
254,0,3,0,0.05
255,0,1.5,0,0.05
256,0,1.5,0,0.05
257,0,1.5,0,0.05
258,0,3,0,0.05
259,0,3,0,0.05
260,0,1.5,0,0.05
261,0,1.5,0,0.05
262,0.2,0.5,0,0.2
263,0.2,0.5,0,0.2
264,0.2,0.5,0,0.2
265,0.2,0.5,0,0.2
266,0.2,0.5,0,0.2
267,0.05,1.5,0,0.02
268,0.2,0.5,0,0.2
269,0.4,0.2,0,0.6
270,0.4,0.2,0,0.6
271,0.03,4,0,0.01
272,0.03,4,0,0.01
273,0.03,1.5,0,0.02
274,0.03,1.5,0,0.02
275,0,3,0,0.05
276,0,3,0,0.05
277,0,3,0,0.05
278,0,3,0,0.05
279,0,3,0,0.05
280,0,1.5,0,0.05
281,0.2,0.5,0,0.2
282,0.2,0.5,0,0.2
283,0.2,0.5,0,0.2
284,0.2,0.5,0,0.2
285,0.2,0.5,0,0.2
286,0.2,0.5,0,0.2
287,0.2,0.5,0,0.2
288,0.4,0.2,0,0.6
289,0.4,0.2,0,0.6
290,0.05,1.5,0,0.02
291,0.03,4,0,0.01
292,0.03,4,0,0.01
293,0.03,4,0,0.01
294,0,3,0,0.05
295,0.03,4,0,0.01
296,0.4,0.2,0,0.6
297,0,0.5,0,0.05
298,0,0.5,0,0.05
299,0,0.5,0,0.05
300,0,0.5,0,0.05
301,0,3,0,0.05
302,0,0.5,0,0.05
303,0.2,0.5,0,0.2
304,0.2,0.5,0,0.2
305,0.2,0.5,0,0.2
306,0.2,0.5,0,0.2
307,0.2,0.5,0,0.2
308,0.2,0.5,0,0.2
309,0.02,6,0,0.01
310,0.4,0.2,0,0.6
311,0.01,4,0,0.01
312,0.01,4,0,0.01
313,0.01,4,0,0.01
314,0.02,6,0,0.01
315,0.01,4,0,0.01
316,0.02,4.02,0,0.01
317,0.2,0.5,0,0.2
318,0.02,6,0,0.01
319,0.02,4.02,0,0.01
320,0.02,4.02,0,0.01
321,0,0.5,0,0.05
322,0,0.5,0,0.05
323,0,0.5,0.05,0.1
324,0,0.5,0,0.05
325,0.2,0.5,0,0.2
326,0.2,0.5,0,0.2
327,0.2,0.5,0,0.2
328,0.2,0.5,0,0.2
329,0.2,0.5,0,0.2
330,0.2,0.5,0,0.2
331,0.2,0.5,0,0.2
332,0.2,0.5,0,0.2
333,0.04,3,0,0.01
334,0.04,3,0,0.01
335,0.01,4,0,0.01
336,0.02,4.02,0,0.01
337,0.04,3,0,0.01
338,0.04,3,0,0.01
339,0.05,8,0,0.01
340,0.02,4.02,0,0.01
341,0.4,0.2,0,0.6
342,0.02,4.02,0,0.01
343,0,0.5,0,0.05
344,0,0.5,0.05,0.1
345,0.2,0.5,0,0.2
346,0.2,0.5,0,0.2
347,0.2,0.5,0,0.2
348,0.2,0.5,0,0.2
349,0.2,0.5,0,0.2
350,0.2,0.5,0,0.2
351,0.2,0.5,0,0.2
352,0.4,0.2,0,0.6
353,0.4,0.2,0,0.6
354,0.02,3,0,0.01
355,0.01,4,0,0.01
356,0.01,4,0,0.01
357,0.01,4,0,0.01
358,0.01,4,0,0.01
359,0.02,4.02,0,0.01
360,0.05,8,0,0.01
361,0.08,2,0,0.01
362,0.08,2,0,0.01
363,0.08,2,0,0.01
364,0.02,3,0,0.01
365,0.4,0.2,0,0.6
366,0.05,8,0,0.01
367,0.02,4.02,0,0.01
368,0.02,4.02,0,0.01
369,0.05,0.1,0,0.3
370,0.05,0.1,0,0.3
371,0,0.5,0.05,0.1
372,0.05,0.1,0,0.3
373,0.2,0.5,0,0.2
374,0.2,0.5,0,0.2
375,0.2,0.5,0,0.2
376,0.2,0.5,0,0.2
377,0.2,0.5,0,0.2
378,0.2,0.5,0,0.2
379,0.2,0.5,0,0.2
380,0.2,0.5,0,0.2
381,0.2,0.5,0,0.2
382,0.2,0.5,0,0.2
383,0.2,0.5,0,0.2
384,0.02,3,0,0.01
385,0.01,4,0,0.01
386,0.01,4,0,0.01
387,0.01,4,0,0.01
388,0.01,4,0,0.01
389,0.01,4,0,0.01
390,0.01,4,0,0.01
391,0.01,4,0,0.01
392,0.05,0.1,0,0.3
393,0.08,2,0,0.01
394,0.08,2,0,0.01
395,0.08,2,0,0.01
396,0.08,2,0,0.01
397,0.05,0.1,0,0.3
398,0,0.2,0.01,0.15
399,0.05,0.1,0,0.3
400,0.2,0.5,0,0.2
401,0.2,0.5,0,0.2
402,0.2,0.5,0,0.2
403,0.2,0.5,0,0.2
404,0.2,0.5,0,0.2
405,0.2,0.5,0,0.2
406,0.2,0.5,0,0.2
407,0.2,0.5,0,0.2
408,0.2,0.5,0,0.2
409,0.2,0.5,0,0.2
410,0.2,0.5,0,0.2
411,0.2,0.5,0,0.2
412,0.4,0.2,0,0.6
413,0.4,0.2,0,0.6
414,0.08,2,0,0.01
415,0.08,2,0,0.01
416,0.01,4,0,0.01
417,0.01,4,0,0.01
418,0.01,4,0,0.01
419,0,3,0,0.05
420,0,3,0,0.05
421,0.05,8,0,0.01
422,0.08,2,0,0.01
423,0.08,2,0,0.01
424,0,3,0,0.05
425,0.2,0.5,0,0.2
426,0.2,0.5,0,0.2
427,0.2,0.5,0,0.2
428,0.2,0.5,0,0.2
429,0.2,0.5,0,0.2
430,0.2,0.5,0,0.2
431,0.2,0.5,0,0.2
432,0.4,0.2,0,0.6
433,0.2,0.5,0,0.2
434,0.08,2,0,0.01
435,0.08,2,0,0.01
436,0.01,4,0,0.01
437,0.01,4,0,0.01
438,0.01,2,0,0.02
439,0.01,2,0,0.02
440,0,4,0.15,0
441,0,4,0.15,0
442,0,4,0.15,0
443,0,4,0.15,0
444,0.02,8,0,0.01
445,0.02,8,0,0.01
446,0.08,2,0,0.01
447,0,4,0.15,0
448,0.2,0.5,0,0.2
449,0.2,0.5,0,0.2
450,0.2,0.5,0,0.2
451,0.2,0.5,0,0.2
452,0.2,0.5,0,0.2
453,0.2,0.5,0,0.2
454,0.2,0.5,0,0.2
455,0.2,0.5,0,0.2
456,0.2,0.5,0,0.2
457,0.2,0.5,0,0.2
458,0.2,0.5,0,0.2
459,0.2,0.5,0,0.2
460,0.1,0.1,0,0.6
461,0.02,8,0,0.01
462,0.08,2,0,0.01
463,0.08,2,0,0.01
464,0.01,2,0,0.02
465,0.01,2,0,0.02
466,0.01,2,0,0.02
467,0,4,0.15,0
468,0,4,0.15,0
469,0,4,0.15,0
470,0,4,0.15,0
471,0.08,2,0,0.02
472,0.08,2,0,0.01
473,0.2,0.5,0,0.2
474,0.2,0.5,0,0.2
475,0.2,0.5,0,0.2
476,0.2,0.5,0,0.2
477,0.2,0.5,0,0.2
478,0.2,0.5,0,0.2
479,0.2,0.5,0,0.2
480,0.2,0.5,0,0.2
481,0.8,0,0,1
482,0.8,0,0,1
483,0.8,0,0,1
484,0.2,0.2,0,0.6
485,0.01,0.5,0,0.5
486,0.08,2,0,0.02
487,0.08,2,0,0.02
488,0.01,0.5,0,0.5
489,0.08,2,0,0.01
490,0.01,2,0,0.02
491,0.01,2,0,0.02
492,0.01,2,0,0.02
493,0,1.5,0.25,0.05
494,0,1.5,0.25,0.05
495,0,1.5,0.25,0.05
496,0,1.5,0.25,0.05
497,0,1.5,0.25,0.05
498,0.2,0.5,0,0.2
499,0.2,0.5,0,0.2
500,0.02,10,0,0.01
501,0.01,5,0,0
502,0.2,0.5,0,0.2
503,0.2,0.5,0,0.2
504,0.2,0.5,0,0.2
505,0.2,0.5,0,0.2
506,0.2,0.5,0,0.2
507,0.8,0,0,1
508,0.8,0,0,1
509,0.8,0,0,1
510,0.1,2.5,0.01,0.01
511,0.03,1,0,0.05
512,0.05,1,0,0.05
513,0.02,0.5,0,0.1
514,0.01,0.5,0,0.5
515,0.01,5,0,0
516,0.01,0.5,0,0.5
517,0.01,5,0,0
518,0.01,3,0,0.01
519,0.01,3,0,0.01
520,0.01,2,0,0.02
521,0,1.5,0.25,0.05
522,0,1.5,0.25,0.05
523,0,0.75,0.1,0.1
524,0,0.75,0.1,0.1
525,0,1.5,0.25,0.05
526,0.2,0.5,0,0.2
527,0.2,0.5,0,0.2
528,0.01,4,0,0
529,0.01,4,0,0
530,0.2,0.5,0,0.2
531,0.2,0.5,0,0.2
532,0.2,0.5,0,0.2
533,0.2,0.5,0,0.2
534,0.8,0,0,1
535,0.8,0,0,1
536,0.8,0,0,1
537,0.8,0,0,1
538,0.05,1.5,0.2,0.02
539,0.05,1.5,0.2,0.01
540,0.05,1,0,0.05
541,0.05,1.5,0.2,0.01
542,0.05,1,0,0.05
543,0.05,2,0,0.01
544,0.01,3,0,0
545,0.05,2,0,0.01
546,0.01,4,0,0
547,0.05,2,0,0.01
548,0.05,2,0,0.01
549,0.01,3,0,0.01
550,0,0.75,0.1,0.1
551,0,0.75,0.1,0.1
552,0,0.75,0.1,0.1
553,0,0.75,0.1,0.1
554,0,0.75,0.1,0.1
555,0.2,0.5,0,0.2
556,0.01,4,0,0
557,0.01,4,0,0
558,0.2,0.5,0,0.2
559,0.2,0.5,0,0.2
560,0.2,0.5,0,0.2
561,0.8,0,0,1
562,0.8,0,0,1
563,0.8,0,0,1
564,0.8,0,0,1
565,0.8,0,0,1
566,0.05,1,0.1,0.05
567,0.05,1.5,0.02,0.05
568,0.05,2,0.6,0.01
569,0.05,2,0.6,0.01
570,0.01,10,0,0
571,0.01,10,0,0
572,0.01,10,0,0
573,0.1,1.5,0,0.02
574,0.01,10,0,0
575,0.01,4,0,0
576,0.01,4,0,0
577,0.01,4,0,0
578,0.01,4,0,0
579,0.1,1.5,0,0.02
580,0,0.75,0.2,0.1
581,0,0.75,0.2,0.1
582,0,0.75,0.1,0.1
583,0,0.75,0.2,0.1
584,0,0.75,0.1,0.1
585,0,0.75,0.1,0.1
586,0,0.75,0.2,0.1
587,0,0.75,0.2,0.1
588,0,0.75,0.2,0.1
589,0,0.75,0.2,0.1
590,0.2,0.5,0,0.2
591,0,0.75,0.2,0.1
592,0.2,0.5,0,0.2
593,0.8,0,0,1
594,0.8,0,0,1
595,0.8,0,0,1
596,0.8,0,0,1
597,0.8,0,0,1
598,0.05,2,0.15,0.01
599,0.05,2,0.15,0.01
600,0.05,1,0.1,0.05
601,0.05,2.5,0.15,0.02
602,0.4,0,0,0.8
603,0.4,0,0,0.8
604,0.4,0,0,0.8
605,0.01,10,0,0
606,0,10,0,0
607,0.01,10,0,0
608,0.4,0,0,0.8
609,0,10,0,0
610,0.01,4,0,0
611,0.01,4,0,0
612,0,0.75,0.5,0.1
613,0,0.75,0.2,0.1
614,0,0.75,0.2,0.1
615,0,0.75,0.2,0.1
616,0,0.75,0.2,0.1
617,0,0.75,0.2,0.1
618,0,0.75,0.5,0.1
619,0,0.75,0.5,0.1
620,0,0.75,0.2,0.1
621,0.2,0.5,0,0.2
622,0.2,0.5,0,0.2
623,0.8,0,0,1
624,0.8,0,0,1
625,0.8,0,0,1
626,0.8,0,0,1
627,0.8,0,0,1
628,0.8,0,0,1
629,0.05,2,0.15,0.02
1703,0.15,0.25,0,0.15
1704,0.15,0.1,0,0.2
1705,0.15,0.1,0,0.2
1706,0.15,0.1,0,0.2
1707,0.1,0.8,0,0.05
1708,0.1,0.8,0,0.05
1709,0.1,0.23,0,0.8
1710,0.1,0.23,0,0.8
1711,0.1,0.23,0,0.8
1712,0.1,0.23,0,0.8
1713,0.1,0.23,0,0.8
1714,0.05,1,0,0.05
1715,0.15,0.1,0,0.2
1716,0.1,0.43,0,0.15
1717,0.1,0.43,0,0.15
1718,0.05,1,0,0.05
1719,0.8,0,0,1
1720,0.8,0,0,1
1721,0.8,0,0,1
1722,0.1,0.8,0,0.05
1723,0.1,0.8,0,0.05
1724,0.1,0.8,0,0.05
1725,0.1,0.8,0,0.05
1726,0.8,0,0,1
1727,0.8,0,0,1
1728,0.6,1,0,0.05
1729,0.8,0,0,1
1730,0.15,0.1,0,0.2
1731,0.15,0.1,0,0.2
1732,0.15,0.1,0,0.2
1733,0.05,0,0,0.75
1734,0,0.5,0,0.15
1735,0.05,0.2,0,0.2
1736,0,0,0,0.8
1737,0,0,0,0.8
1738,0,0,0,0.8
1739,0,0,0,0.8
1740,0,0,0,0.8
1741,0,0,0,0.8
1742,0.1,0.8,0,0.05
1743,0.1,0.23,0,0.8
1744,0.1,0.23,0,0.8
1745,0.1,0.23,0,0.8
1746,0.1,0.23,0,0.8
1747,0.1,0.43,0,0.15
1748,0.1,0.43,0,0.15
1749,0.1,0.43,0,0.15
1750,0,0,0,0.75
1751,0.1,1,0,0.1
1752,0.2,0.31,0,0.3
1753,0.2,0.31,0,0.3
1754,0.2,0.31,0,0.3
1755,0.8,0,0,1
1756,0.8,0,0,1
1757,0.8,0,0,1
1758,0,0,0,0.75
1759,0,0,0,0.8
1760,0,0,0,0.8
1761,0,0,0,0.8
1762,0,1,0,0.05
1763,0,1,0,0.05
1764,0.05,0.3,0,0.05
1765,0,0,0,0.8
1766,0.05,0,0,0.8
1767,0.1,0.5,0,0.1
1768,0.1,0.23,0,0.8
1769,0.1,0.23,0,0.8
1770,0.1,0.23,0,0.8
1771,0.1,0.23,0,0.8
1772,0.1,0.23,0,0.8
1773,0,1,0,0.05
1774,0.1,0.43,0,0.15
1775,0.8,0,0,1
1776,0.7,1.5,0,0.05
1777,0.7,1.5,0,0.05
1778,0.7,1.5,0,0.05
1779,0.1,0.23,0,0.8
1780,0.8,0,0,1
1781,0.8,0,0,1
1782,0.8,0,0,1
1783,0,1,0,0.05
1784,0,1,0,0.05
1785,0,1,0,0.05
1786,0,1,0,0.05
1787,0,1,0,0.05
1788,0,1,0,0.05
1789,0.05,0.5,0,0.05
1790,0.05,0.3,0,0.05
1791,0.05,0,0,0.8
1792,0.1,0.5,0,0.1
1793,0.05,0.5,0,0.05
1794,0.05,0.5,0,0.05
1795,0,5,0,0
1796,0.1,0.23,0,0.8
1797,0.1,0.23,0,0.8
1798,0.1,0.23,0,0.8
1799,0.1,0.23,0,0.8
1800,0,1,0,0.05
1801,0.8,0,0,1
1802,0.8,0,0,1
1803,0.04,2,0,0.02
1804,0.04,2,0,0.02
1805,0.04,2,0,0.02
1806,0.1,0.23,0,0.8
1807,0.8,0,0,1
1808,0.8,0,0,1
1809,0.8,0,0,1
1810,0.8,0,0,1
1811,0.05,0.75,0,0.05
1812,0.05,0.75,0,0.05
1813,0.05,0.75,0,0.05
630,0.03,2.5,0.1,0.02
631,0.03,2.5,0.1,0.02
632,0.01,4,0.01,0.01
633,0.4,0,0,0.8
634,0.03,2.5,0.1,0.02
635,0.4,0,0,0.8
636,0.4,0,0,0.8
637,0.4,0,0,0.8
638,0.01,10,0,0
639,0,10,0,0
640,0.4,0,0,0.8
641,0.4,0,0,0.8
642,0,10,0,0
643,0,10,0,0
644,0,0.75,0.5,0.1
645,0,0.75,0.5,0.1
646,0,0.75,0.5,0.1
647,0,0.75,0.5,0.1
648,0,0.75,0.5,0.1
649,0.2,0.5,0,0.2
650,0.8,0,0,1
651,0.8,0,0,1
652,0.8,0,0,1
653,0.8,0,0,1
654,0.8,0,0,1
655,0.8,0,0,1
656,0.8,0,0,1
657,0.05,4,0.3,0.01
658,0.05,4,0.3,0.01
659,0.05,4,0.3,0.01
660,0.4,0,0,0.8
661,0.03,2.5,0.1,0.02
662,0.4,0,0,0.8
663,0.4,0,0,0.8
664,0.4,0,0,0.8
665,0.4,0,0,0.8
666,0.4,0,0,0.8
667,0.01,10,0,0
668,0,10,0,0
669,0.01,10,0,0
670,0.01,10,0,0
671,0,10,0,0
672,0,0.75,0.5,0.1
673,0.01,4.02,0,0.01
674,0,0.5,0.5,0.3
675,0,0.5,0.5,0.3
676,0,0.5,0.5,0.3
677,0,0.5,0.5,0.3
678,0.2,0.5,0,0.2
679,0.2,0.5,0,0.2
680,0.8,0,0,1
681,0.8,0,0,1
682,0.8,0,0,1
683,0.8,0,0,1
684,0.8,0,0,1
685,0.8,0,0,1
686,0.8,0,0,1
687,0.8,0,0,1
688,0.2,1.5,0.1,0.04
689,0.01,3,0.2,0.01
690,0.01,3,0.3,0.01
691,0.01,2,0,0.01
692,0.4,0,0,0.8
693,0.4,0,0,0.8
694,0.4,0,0,0.8
695,0.4,0,0,0.8
696,0.4,0,0,0.8
697,0.4,0,0,0.8
698,0.01,10,0,0
699,0.01,4.02,0,0.01
700,0.01,4.02,0,0.01
701,0.01,4.02,0,0.01
702,0.01,4.02,0,0.01
703,0.01,4.02,0,0.01
704,0,0.5,0.5,0.3
705,0,0.5,0.5,0.3
706,0,0.5,0.5,0.3
707,0.2,0.5,0,0.2
708,0,1,0.05,0.1
709,0.8,0,0,1
710,0.8,0,0,1
711,0.8,0,0,1
712,0.8,0,0,1
713,0.8,0,0,1
714,0.8,0,0,1
715,0.8,0,0,1
716,0.8,0,0,1
717,0.8,0,0,1
718,0.2,3,0.4,0.01
719,0.2,0.3,0,0.3
720,0.01,2,0,0.01
721,0.03,4,0.05,0
722,0.01,2,0,0.02
723,0.01,2,0,0.02
724,0.01,2,0,0.01
725,0.4,0,0,0.8
726,0.4,0,0,0.8
727,0.4,0,0,0.8
728,0.01,10,0,0
729,0.4,0,0,0.8
730,0.01,4.02,0,0.01
731,0.01,4.02,0,0.01
732,0.01,4.02,0,0.01
733,0.01,4.02,0,0.01
734,0.01,4.02,0,0.01
735,0.01,4.02,0,0.01
736,0.01,4.02,0,0.01
737,0.01,4.02,0,0.01
738,0.2,0.5,0,0.2
739,0.2,0.5,0,0.2
740,0.2,0.5,0,0.2
741,0,1,0.05,0.1
742,0.2,0.5,0,0.2
743,0,1,0.05,0.1
744,0,1,0.05,0.1
745,0.8,0,0,1
746,0.8,0,0,1
747,0.8,0,0,1
748,0.8,0,0,1
749,0.8,0,0,1
750,0.8,0,0,1
751,0.4,0.5,0,0.15
752,0.4,0.5,0,0.15
753,0.4,0.5,0,0.15
754,0.15,0.8,0,0.1
755,0,1,0,0.05
756,0.4,0,0,0.8
757,0.01,2,0,0.01
758,0.4,0,0,0.8
759,0.4,0,0,0.8
760,0.4,0,0,0.8
761,0.01,10,0,0
762,0.01,10,0,0
763,0.01,10,0,0
764,0.01,4.02,0,0.01
765,0.01,4.02,0,0.01
766,0.01,4.02,0,0.01
767,0.01,4.02,0,0.01
768,0.01,4.02,0,0.01
769,0.01,4.02,0,0.01
770,0.2,0.5,0,0.2
771,0.2,0.5,0,0.2
772,0.2,0.5,0,0.2
773,0.2,0.5,0,0.2
774,0.2,0.5,0,0.2
775,0.2,0.5,0,0.2
776,0.2,0.5,0,0.2
777,0,3,0,0.05
778,0,3,0,0.05
779,0.01,4.02,0,0.01
780,0.2,0.5,0,0.2
781,0.8,0,0,1
782,0.8,0,0,1
783,0.8,0,0,1
784,0.8,0,0,1
785,0.8,0,0,1
786,0.01,1.5,0,0.01
787,0.05,1.5,0,0.01
788,0.5,0.8,0,0.1
789,0,1,0,0.05
790,0,1,0,0.05
791,0.5,0.8,0,0.1
792,0.4,0,0,0.8
793,0.4,0,0,0.8
794,0.4,0,0,0.8
795,0.4,0,0,0.8
796,0.01,10,0,0
797,0.4,0,0,0.8
798,0.4,0,0,0.8
799,0.4,0,0,0.8
800,0.01,4.02,0,0.01
801,0.01,4.02,0,0.01
802,0.01,4.02,0,0.01
803,0,3,0,0.05
804,0.2,0.5,0,0.2
805,0.2,0.5,0,0.2
806,0.2,0.5,0,0.2
807,0.2,0.5,0,0.2
808,0.2,0.5,0,0.2
809,0.2,0.5,0,0.2
810,0.2,0.5,0,0.2
811,0,3,0,0.05
812,0,3,0,0.05
813,0,3,0,0.05
814,0.2,0.5,0,0.2
815,0.8,0,0,1
816,0.8,0,0,1
817,0.8,0,0,1
818,0.8,0,0,1
819,0.8,0.1,0,0.5
820,0.8,0.1,0,0.5
821,0.8,0.1,0,0.5
822,0.1,0.2,0,0.8
823,0.3,0.8,0,0.1
824,0.3,0.8,0,0.1
825,0.01,4.02,0,0.01
826,0.01,4.02,0,0.01
827,0.01,4.02,0,0.01
828,0,1,0,0.05
829,0.01,10,0,0
830,0.01,10,0,0
831,0.01,10,0,0
832,0.01,10,0,0
833,0.01,10,0,0
834,0.01,10,0,0
835,0,3,0,0.05
836,0.2,0.5,0,0.2
837,0.2,0.5,0,0.2
838,0.2,0.5,0,0.2
839,0.2,0.5,0,0.2
840,0.2,0.5,0,0.2
841,0.2,0.5,0,0.2
842,0.2,0.5,0,0.2
843,0.2,0.5,0,0.2
844,0.2,0.5,0,0.2
845,0,3,0.05,0.05
846,0,3,0.05,0.05
847,0,3,0.05,0.05
848,0.2,0.5,0,0.2
849,0.8,0,0,1
850,0.2,1,0,0.2
851,0.2,1,0,0.2
852,0.2,0.5,0,0.2
853,0.05,0.37,0,0.2
854,0.1,0.2,0,0.8
855,0.05,0.37,0,0.2
856,0.05,0.37,0,0.2
857,0.01,4.02,0,0.01
858,0.01,1.5,0,0.01
859,0.01,4.02,0,0.01
860,0.01,4.02,0,0.01
861,0.01,4.02,0,0.01
862,0.01,4.02,0,0.01
863,0.01,4.02,0,0.01
864,0.01,4.02,0,0.01
865,0.01,10,0,0
866,0.2,0.5,0,0.2
867,0.2,0.5,0,0.2
868,0.2,0.5,0,0.2
869,0.2,0.5,0,0.2
870,0.2,0.5,0,0.2
871,0.2,0.5,0,0.2
872,0.2,0.5,0,0.2
873,0.2,0.5,0,0.2
874,0.2,0.5,0,0.2
875,0.2,0.5,0,0.2
876,0.2,0.5,0,0.2
877,0.2,0.5,0,0.2
878,0,3,0.05,0.05
879,0,3,0.01,0.05
880,0.8,0,0,1
881,0.8,0,0,1
882,0.8,0,0,1
883,0.05,1,0,0.05
884,0.8,0,0,1
885,0.05,0.37,0,0.2
886,0.05,1,0,0.05
887,0.05,0.37,0,0.2
888,0.05,0.37,0,0.2
889,0.05,0.37,0,0.2
890,0.04,2.1,0,0.02
891,0,0.75,0,0.1
892,0,0.75,0,0.1
893,0.01,4.02,0,0.01
894,0.01,4.02,0,0.01
895,0,3,0.01,0.05
896,0.2,0.5,0,0.2
897,0.2,0.5,0,0.2
898,0.2,0.5,0,0.2
899,0.2,0.5,0,0.2
900,0,3,0.01,0.05
901,0.2,0.5,0,0.2
902,0.2,0.5,0,0.2
903,0.2,0.5,0,0.2
904,0.2,0.5,0,0.2
905,0.2,0.5,0,0.2
906,0,0.1,0,0.5
907,0,0.1,0,0.5
908,0.8,0,0,1
909,0.8,0,0,1
910,0.8,0,0,1
911,0.01,0.2,0,0.5
912,0.01,0.2,0,0.5
913,0.8,0,0,1
914,0.05,0.37,0,0.2
915,0.05,0.37,0,0.2
916,0.01,0.2,0,0.5
917,0.01,0.2,0,0.5
918,0.05,0.37,0,0.2
919,0.04,2.1,0,0.02
920,0.05,0.37,0,0.2
921,0.04,2.1,0,0.02
922,0.04,2.1,0,0.02
923,0,0.1,0,0.5
924,0,0.75,0,0.1
925,0,0.1,0,0.5
926,0,3,0.01,0.05
927,0,0.75,0,0.1
928,0.2,0.5,0,0.2
929,0,0,0,1
930,0.2,0.5,0,0.2
931,0.2,0.5,0,0.2
932,0,0.1,0,0.5
933,0.2,0.5,0,0.2
934,0,0.1,0,0.5
935,0.2,0.5,0,0.2
936,0.8,0,0,1
937,0.5,0.4,0,0.3
938,0.5,0.4,0,0.3
939,0.04,2.1,0,0.02
940,0.04,2.1,0,0.02
941,0.01,0.2,0,0.5
942,0.01,0.2,0,0.5
943,0.04,2.1,0,0.02
944,0.04,2.1,0,0.02
945,0.04,2.1,0,0.02
946,0.04,2.1,0,0.02
947,0,10,0,0
948,0,10,0,0
949,0,0.1,0,0.5
950,0,0.1,0,0.5
951,0,0.1,0,0.5
952,0,0.1,0,0.5
953,0,0,0,1
954,0,0.1,0,0.5
955,0.2,0.5,0,0.2
956,0,0.1,0,0.5
957,0,0.1,0,0.5
958,0.2,0.5,0,0.2
959,0.2,1,0,0.2
960,0.2,1,0,0.2
961,0.5,0.4,0,0.3
962,0.8,0,0,1
963,0.5,0.4,0,0.3
964,0.04,2.1,0,0.02
965,0.5,0.4,0,0.3
966,0.5,0.4,0,0.3
967,0.04,2.1,0,0.02
968,0.5,0.4,0,0.3
969,0.04,2.1,0,0.02
970,0,10,0,0
971,0,10,0,0
972,0,10,0,0
973,0,10,0,0
974,0.05,0.1,0,1
975,0,10,0,0
976,0.05,0.1,0,1
977,0,0.1,0,0.5
978,0.05,0.1,0,0.75
979,0.2,0.5,0,0.2
980,0.2,0.5,0,0.2
981,0.2,1,0,0.2
982,0.2,1,0,0.2
983,0.5,0.4,0,0.3
984,0.5,0.4,0,0.3
985,0.5,0.4,0,0.3
986,0.5,0.4,0,0.3
987,0.5,0.4,0,0.3
988,0.5,0.4,0,0.3
989,0.5,0.4,0,0.3
990,0,5,1,0
991,0,10,0,0
992,0,4,1,0
993,0.5,0.4,0,0.3
994,0,4,0.75,0
995,0.1,0,0,0.1
996,0,10,0,0
997,0,10,0,0
998,0.05,0,0,1
999,0.1,0,0,1
1000,0.05,0,0,1
1001,0.1,0,0,1
1002,0.1,0,0,0.1
1003,0.75,0.5,0,0.2
1004,0.15,0.5,0,0.15
1005,0.2,1,0,0.2
1006,0.2,1,0,0.2
1007,0.5,0.4,0,0.3
1008,0.5,0.4,0,0.3
1009,0.8,0,0,1
1010,0.5,0.4,0,0.3
1011,0.5,0.4,0,0.3
1012,0.5,0.4,0,0.3
1013,0,5,1,0
1014,0.1,0,0,0.1
1015,0.1,0,0,0.1
1016,0,4,1,0
1017,0,4,1,0
1018,0.5,0.4,0,0.3
1019,0,3,0.5,0
1020,0,3,0.5,0
1021,0,3,0.5,0
1022,0,3,0.5,0
1023,0.05,0.25,0.1,0.2
1024,0.05,0.25,0.1,0.2
1025,0.8,0,0,1
1026,0.2,1,0,0.2
1027,0.01,10,0,0
1028,0.01,10,0,0
1029,0.01,10,0,0
1030,0.01,10,0,0
1031,0.04,2.1,0,0.02
1032,0.01,10,0,0
1033,0.04,2.1,0,0.02
1034,0.5,0.4,0,0.3
1035,0.04,2.1,0,0.02
1036,0.8,0,0,1
1037,0.8,0,0,1
1038,0.05,1.5,0.05,0.05
1039,0.05,1.5,0.05,0.05
1040,0.05,1.5,0.05,0.05
1041,0.8,0,0,1
1042,0.01,10,0,0
1043,0.01,10,0,0
1044,0.01,10,0,0
1045,0.01,10,0,0
1046,0.04,2.1,0,0.02
1047,0.04,2.1,0,0.02
1048,0.04,2.1,0,0.02
1049,0.8,0,0,1
1050,0.01,10,0,0
1051,0.05,1.5,0.05,0.05
1052,0.05,1.5,0.05,0.05
1053,0.05,1.5,0.05,0.05
1054,0.05,1.5,0.05,0.05
1055,0.05,1.5,0.05,0.05
1056,0.8,0,0,1
1057,0.8,0,0,1
1058,0.01,10,0,0
1059,0.01,10,0,0
1060,0.5,0.4,0,0.3
1061,0.04,2.1,0,0.02
1062,0.04,2.1,0,0.02
1063,0.01,4.02,0,0.01
1064,0.01,4.02,0,0.01
1065,0.01,10,0,0
1066,0.01,10,0,0
1067,0.05,2,0.05,0.05
1068,0.05,1.5,0.05,0.05
1069,0.05,2,0.05,0.05
1070,0.8,0,0,1
1071,0.8,0,0,1
1072,0.8,0,0,1
1073,0.01,10,0,0
1074,0.01,10,0,0
1075,0.5,0.4,0,0.3
1076,0.04,2.1,0,0.02
1077,0.04,2.1,0,0.02
1078,0.01,4.02,0,0.01
1079,0.01,4.02,0,0.01
1080,0.01,4.02,0,0.01
1081,0.1,1,0,0.15
1082,0.01,4.02,0,0.01
1083,0.5,1,0,0.05
1084,0.5,1,0,0.05
1085,0.5,0.4,0,0.3
1086,0.01,10,0,0
1087,0.8,0,0,1
1088,0.8,0,0,1
1089,0.01,4.02,0,0.01
1090,0.05,2,0.05,0.05
1091,0.8,0,0,1
1092,0.8,0,0,1
1093,0.8,0,0,1
1094,0.8,0,0,1
1095,0.04,2.1,0,0.02
1096,0.04,2.1,0,0.02
1097,0.01,4.02,0,0.01
1098,0.1,1,0,0.15
1099,0.1,1,0,0.15
1100,0.1,1,0,0.15
1101,0.1,1,0,0.15
1102,0.1,1,0,0.15
1103,0.8,0,0,1
1104,0.5,1,0,0.05
1105,0.5,1,0,0.05
1106,0.5,0.4,0,0.3
1107,0.04,2.1,0,0.02
1108,0.8,0,0,1
1109,0.8,0,0,1
1110,0.8,0,0,1
1111,0.8,0,0,1
1112,0.8,0,0,1
1113,0.8,0,0,1
1114,0.04,2.1,0,0.02
1115,0.1,1,0,0.15
1116,0.1,1,0,0.15
1117,0.1,1,0,0.15
1118,0.1,1,0,0.15
1119,0.05,0.25,0,0.1
1120,0.8,0,0,1
1121,0.8,0,0,1
1122,0.8,0,0,1
1123,0.5,1,0,0.05
1124,0.5,1,0,0.05
1125,0.5,1,0,0.05
1126,0.04,2.1,0,0.02
1127,0.04,2.1,0,0.02
1128,0.04,2.1,0,0.02
1129,0.05,0.5,0,0.1
1130,0.8,0,0,1
1131,0.8,0,0,1
1132,0.8,0,0,1
1133,0.8,0,0,1
1134,0.05,0.5,0,0.1
1135,0.05,0.25,0,0.1
1136,0.1,1,0,0.15
1137,0.05,0.25,0,0.1
1138,0.05,0.25,0,0.1
1139,0.8,0,0,1
1140,0.5,1,0,0.05
1141,0.5,1,0,0.05
1142,0.03,1.5,0,0.02
1143,0.04,2.1,0,0.02
1144,0.04,2.1,0,0.02
1145,0.5,1,0,0.05
1146,0.5,1,0,0.05
1147,0.05,0.5,0,0.1
1148,0.8,0,0,1
1149,0,1,0,0
1150,0.8,0,0,1
1151,0.5,1,0,0.05
1152,0,1,0,0
1153,0.8,0,0,1
1154,0.8,0,0,1
1155,0.8,0,0,1
1156,0.8,0,0,1
1157,0.05,0.5,0,0.1
1158,0.05,0.5,0,0.1
1159,0.05,0.25,0,0.1
1160,0.8,0,0,1
1161,0.5,1,0,0.05
1162,0.5,1,0,0.05
1163,0.5,1,0,0.05
1164,0.5,1,0,0.05
1165,0,4.02,0.01,0.01
1166,0.05,0.5,0,0.1
1167,0.05,0.5,0,0.1
1168,0,1,0,0
1169,0.8,0,0,1
1170,0.8,0,0,1
1171,0.3,0.5,0,0.1
1172,0.2,2,0.01,0.02
1173,0.2,2,0.01,0.02
1174,0.8,0,0,1
1175,0.8,0,0,1
1176,0.8,0,0,1
1177,0.8,0,0,1
1178,0.8,0,0,1
1179,0.8,0,0,1
1180,0.05,0.5,0,0.1
1181,0.05,1,0,0.1
1182,0.05,1,0,0.1
1183,0.5,1,0,0.05
1184,0.05,0.5,0,0.1
1185,0,4.02,0.01,0.01
1186,0,4.02,0.01,0.01
1187,0.2,2,0.01,0.02
1188,0,4.02,0.01,0.01
1189,0.05,0.5,0,0.1
1190,0.05,0.5,0,0.1
1191,0.05,0.5,0,0.1
1192,0.8,0,0,1
1193,0.8,0,0,1
1194,0.2,0.5,0,0.1
1195,0.8,0,0,1
1196,0.8,0,0,1
1197,0.8,0,0,1
1198,0.8,0,0,1
1199,0.8,0,0,1
1200,0.8,0,0,1
1201,0.8,0,0,1
1202,0.05,2,0,0.05
1203,0.8,0,0,1
1204,0.8,0,0,1
1205,0.8,0,0,1
1206,0.05,0.5,0,0.1
1207,0.05,2,0,0.05
1208,0.05,2,0,0.05
1209,0,4.02,0.01,0.01
1210,0.02,4.02,0,0.01
1211,0,4.02,0.01,0.01
1212,0.02,4,0.1,0.01
1213,0,4.02,0.01,0.01
1214,0.2,0.5,0,0.1
1215,0.1,3,0.01,0.01
1216,0,4.02,0.01,0.01
1217,0.6,0.3,0.05,0.5
1218,0.6,0.3,0.05,0.5
1219,0.3,0.2,0,0.5
1220,0.2,0.5,0,0.1
1221,0.05,2,0,0.05
1222,0.05,2,0,0.05
1223,0.05,2,0,0.05
1224,0.8,0,0,1
1225,0.8,0,0,1
1226,0.8,0,0,1
1227,0.8,0,0,1
1228,0.05,2,0,0.05
1229,0.1,0.1,0,0.75
1230,0.02,4.02,0,0.01
1231,0.02,4.02,0,0.01
1232,0.02,4.02,0,0.01
1233,0.02,4.02,0,0.01
1234,0.02,4,0.1,0.01
1235,0.02,4,0.1,0.01
1236,0.02,4.02,0,0.01
1237,0.3,0.2,0,0.5
1238,0.02,10,0,0.01
1239,0.6,0.3,0.05,0.5
1240,0.6,0.3,0.05,0.5
1241,0.8,0,0,1
1242,0.05,2,0,0.05
1243,0.05,2,0,0.05
1244,0.05,2,0,0.05
1245,0.8,0,0,1
1246,0.1,0.1,0,0.75
1247,0.1,0.1,0,0.75
1248,0.01,0.1,0,0.75
1249,0.01,0.1,0,0.75
1250,0.01,0.1,0,0.75
1251,0.05,2,0,0.05
1252,0.1,0.1,0,0.75
1253,0.02,4.02,0,0.01
1254,0.02,4.02,0,0.01
1255,0.02,3,0.01,0.01
1256,0.02,3,0.01,0.01
1257,0.8,0,0,1
1258,0.02,3,0.01,0.01
1259,0.8,0,0,1
1260,0.8,0,0,1
1261,0.8,0,0,1
1262,0.05,2,0,0.1
1263,0.05,2,0,0.1
1264,0.1,0.1,0,0.75
1265,0.1,0.1,0,0.75
1266,0.1,0.1,0,0.75
1267,0.05,0.1,0,0.75
1268,0.01,0.1,0,0.75
1269,0.01,0.1,0,0.75
1270,0.01,0.1,0,0.75
1271,0.01,0.1,0,0.75
1272,0.05,2,0,0.1
1273,0.05,0.1,0,0.75
1274,0.05,0.1,0,0.75
1275,0.1,0.1,0,0.75
1276,0.05,2,0,0.1
1277,0.05,2,0,0.1
1278,0.05,2,0,0.1
1279,0.02,3,0.01,0.01
1280,0.02,3,0,0.01
1281,0.02,3,0.01,0.01
1282,0.02,5,0,0.01
1283,0.02,5,0,0.01
1284,0.02,3,0,0.01
1285,0.8,0,0,1
1286,0.8,0,0,1
1287,0.8,0,0,1
1288,0.8,0,0,1
1289,0.8,0,0,1
1290,0.8,0,0,1
1291,0.05,2,0,0.1
1292,0.1,0.1,0,0.75
1293,0.05,0.1,0,0.75
1294,0.05,0.1,0,0.75
1295,0.05,0.1,0,0.75
1296,0.01,0.1,0,0.75
1297,0.01,0.1,0,0.75
1298,0.01,0.1,0,0.75
1299,0.01,0.1,0,0.75
1300,0.01,0.1,0,0.75
1301,0.01,0.1,0,0.75
1302,0.01,0.1,0,0.75
1303,0.05,0.1,0,0.75
1304,0.05,0.1,0,0.75
1305,0.05,2,0,0.1
1306,0.05,2,0,0.1
1307,0.05,2,0,0.1
1308,0.05,0.1,0,0.75
1309,0.05,0.1,0,0.75
1310,0.05,2,0,0.1
1311,0.05,2,0,0.1
1312,0.02,3,0,0.01
1313,0.02,3,0,0.01
1314,0.02,3,0,0.01
1315,0.02,5,0,0.01
1316,0.02,3,0,0.01
1317,0.02,3,0,0.01
1318,0.8,0,0,1
1319,0.8,0,0,1
1320,0.8,0,0,1
1321,0.8,0,0,1
1322,0.8,0,0,1
1323,0.8,0,0,1
1324,0.05,0.1,0,0.75
1325,0.05,0.1,0,0.75
1326,0.2,0.1,0,0.75
1327,0.2,0.1,0,0.75
1328,0.2,0.1,0,0.75
1329,0.2,0.1,0,0.75
1330,0.2,0.1,0,0.75
1331,0.01,0.1,0,0.75
1332,0.01,0.1,0,0.75
1333,0.01,0.1,0,0.75
1334,0.01,0.1,0,0.75
1335,0.01,0.1,0,0.75
1336,0.01,0.1,0,0.75
1337,0.05,0.1,0,0.75
1338,0.05,2,0,0.1
1339,0.2,0.1,0,0.75
1340,0.02,3,0,0.01
1341,0.2,0.1,0,0.75
1342,0.02,3,0,0.01
1343,0.02,3,0,0.01
1344,0.01,4,0,0.01
1345,0.01,4,0,0.01
1346,0.01,4,0,0.01
1347,0.8,0,0,1
1348,0.02,5,0,0.01
1349,0.01,4,0,0.01
1350,0.8,0,0,1
1351,0.8,0,0,1
1352,0.8,0,0,1
1353,0.8,0,0,1
1354,0.8,0,0,1
1355,0.2,0.1,0,0.75
1356,0.2,0.1,0,0.75
1357,0.2,0.1,0,0.75
1358,0.2,0.1,0,0.75
1359,0.2,0.1,0,0.75
1360,0.2,0.1,0,0.75
1361,0.2,0.1,0,0.75
1362,0.2,0.1,0,0.75
1363,0.15,0.5,0,0.25
1364,0.15,0.5,0,0.25
1365,0.15,0.5,0,0.25
1366,0.05,0.5,0.05,0.25
1367,0.05,0.5,0.05,0.25
1368,0.05,0.5,0.05,0.25
1369,0.05,0.5,0.05,0.25
1370,0.2,0.1,0,0.75
1371,0.2,0.1,0,0.75
1372,0.2,0.1,0,0.75
1373,0.2,0.31,0,0.3
1374,0.2,0.31,0,0.3
1375,0.01,4,0,0.01
1376,0.02,5,0,0.01
1377,0.8,0,0,1
1378,0.01,4,0,0.01
1379,0.01,4,0,0.01
1380,0.8,0,0,1
1381,0.01,4,0,0.01
1382,0.8,0,0,1
1383,0.8,0,0,1
1384,0.8,0,0,1
1385,0.8,0,0,1
1386,0.8,0,0,1
1387,0.8,0,0,1
1388,0.2,0.1,0,0.75
1389,0.2,0.1,0,0.75
1390,0.2,0.1,0,0.75
1391,0.2,0.31,0,0.3
1392,0.2,0.31,0,0.3
1393,0.2,0.31,0,0.3
1394,0.2,0.31,0,0.3
1395,0.15,0.5,0,0.25
1396,0.15,0.5,0,0.25
1397,0.15,0.5,0,0.25
1398,0.05,0.5,0.05,0.25
1399,0.15,0.5,0,0.25
1400,0.15,0.5,0,0.25
1401,0.05,0.5,0.05,0.25
1402,0.05,0.5,0.05,0.25
1403,0.05,0.5,0.05,0.25
1404,0.2,0.31,0,0.3
1405,0.2,0.31,0,0.3
1406,0.04,2.1,0,0.02
1407,0.04,2.1,0,0.02
1408,0.1,0.95,0,0.05
1409,0.8,0,0,1
1410,0.02,5,0,0.01
1411,0.01,4,0,0.01
1412,0.01,4,0,0.01
1413,0.1,0.95,0,0.05
1414,0.1,0.95,0,0.05
1415,0.8,0,0,1
1416,0.04,10,0.05,0
1417,0.01,4,0,0.01
1418,0.8,0,0,1
1419,0.8,0,0,1
1420,0.8,0,0,1
1421,0.8,0,0,1
1422,0.8,0,0,1
1423,0.8,0,0,1
1424,0.2,0.31,0,0.3
1425,0.2,0.31,0,0.3
1426,0.2,0.31,0,0.3
1427,0.15,0.5,0,0.25
1428,0.1,0.5,0,0.25
1429,0.05,0.5,0.05,0.25
1430,0.1,0.5,0,0.25
1431,0.1,0.5,0,0.25
1432,0.1,0.5,0,0.25
1433,0.05,0.5,0.05,0.25
1434,0.05,0.5,0.05,0.25
1435,0.05,0.5,0.05,0.25
1436,0.05,0.5,0.05,0.25
1437,0.05,0.5,0.05,0.25
1438,0.05,0.5,0.05,0.25
1439,0.1,0.95,0,0.05
1440,0.1,0.5,0,0.25
1441,0.04,10,0.05,0
1442,0.04,10,0.05,0
1443,0.05,2.1,0,0.02
1444,0.01,4,0,0.01
1445,0.03,2.1,0,0.02
1446,0.1,0.95,0,0.05
1447,0.1,0.95,0,0.05
1448,0.04,10,0.05,0
1449,0.04,10,0.05,0
1450,0.8,0,0,1
1451,0.8,0,0,1
1452,0.02,5,0.02,0.01
1453,0.02,5,0.02,0.01
1454,0.8,0,0,1
1455,0.8,0,0,1
1456,0.8,0,0,1
1457,0.1,0.5,0,0.25
1458,0.1,0.5,0,0.25
1459,0.1,0.5,0,0.25
1460,0.1,0.5,0,0.25
1461,0.1,0.5,0,0.25
1462,0.05,0.5,0.05,0.25
1463,0.05,0.5,0.05,0.25
1464,0.05,0.5,0.05,0.25
1465,0.05,0.5,0.05,0.25
1466,0.05,0.5,0.05,0.25
1467,0.05,0.5,0.05,0.25
1468,0.04,10,0.05,0
1469,0.03,2.1,0,0.02
1470,0.03,2.1,0,0.02
1471,0.03,2.1,0,0.02
1472,0.1,0.95,0,0.05
1473,0.1,0.95,0,0.05
1474,0.1,0.95,0,0.05
1475,0.1,0.95,0,0.05
1476,0.1,0.5,0,0.25
1477,0.02,5,0.02,0.01
1478,0.02,5,0.02,0.01
1479,0.8,0,0,1
1480,0.02,10,0,0
1481,0.02,10,0,0
1482,0.02,5,0.02,0.01
1483,0.8,0,0,1
1484,0.8,0,0,1
1485,0.8,0,0,1
1486,0.8,0,0,1
1487,0.1,0.95,0,0.05
1488,0.1,0.95,0,0.05
1489,0.1,0.75,0,0.25
1490,0.1,0.75,0,0.25
1491,0.1,0.75,0,0.25
1492,0.1,0.75,0,0.25
1493,0.1,0.75,0,0.25
1494,0.05,0.5,0.05,0.25
1495,0.1,0.75,0,0.25
1496,0.1,0.75,0,0.25
1497,0.05,0.5,0.05,0.25
1498,0.05,0.5,0.05,0.25
1499,0.1,0.75,0,0.25
1500,0.1,0.75,0,0.25
1501,0.02,5,0.02,0.01
1502,0.03,2.1,0,0.02
1503,0.05,1,0,0.05
1504,0.1,0.95,0,0.05
1505,0.1,0.75,0,0.25
1506,0.1,0.95,0,0.05
1507,0.02,5,0.02,0.01
1508,0.05,2.1,0,0.02
1509,0.8,0,0,1
1510,0.02,10,0,0
1511,0.02,10,0,0
1512,0.02,10,0,0
1513,0.05,2.1,0,0.02
1514,0.8,0,0,1
1515,0.8,0,0,1
1516,0.8,0,0,1
1517,0.8,0,0,1
1518,0.8,0,0,1
1519,0.1,0.75,0,0.25
1520,0.1,0.75,0,0.25
1521,0.1,0.75,0,0.25
1522,0.05,0.5,0.05,0.25
1523,0.05,0.5,0.05,0.25
1524,0.05,0.5,0.05,0.25
1525,0.1,0.75,0,0.25
1526,0.05,1,0,0.05
1527,0.05,1,0,0.05
1528,0.05,1,0,0.05
1529,0.05,1,0,0.05
1530,0.05,1,0,0.05
1531,0.05,1,0,0.05
1532,0.05,1,0,0.05
1533,0.05,2.1,0,0.02
1534,0.05,1,0,0.05
1535,0.01,5,0.01,0.01
1536,0.01,4.02,0.02,0.01
1537,0.02,10,0,0
1538,0.01,4.02,0.02,0.01
1539,0.01,4.02,0.02,0.01
1540,0.05,2.1,0,0.02
1541,0.8,0,0,1
1542,0.8,0,0,1
1543,0.01,5,0.01,0.01
1544,0.01,5,0.01,0.01
1545,0.01,5,0.01,0.01
1546,0.8,0,0,1
1547,0.8,0,0,1
1548,0.8,0,0,1
1549,0.05,0.5,0.05,0.25
1550,0.05,0.5,0.05,0.25
1551,0.05,1,0,0.05
1552,0.05,0.5,0.05,0.25
1553,0.05,0.5,0.05,0.25
1554,0.05,1,0,0.05
1555,0.05,1,0,0.05
1556,0.05,1,0,0.05
1557,0.05,1,0,0.05
1558,0.05,1,0,0.05
1559,0.1,2.1,0,0.02
1560,0.1,2.1,0,0.02
1561,0.05,1,0,0.05
1562,0.01,5,0.01,0.01
1563,0.05,2.1,0,0.02
1564,0.1,2.1,0,0.02
1565,0.8,0,0,1
1566,0,2,0,0.05
1567,0,2,0,0.05
1568,0.01,5,0.01,0.01
1569,0,2,0,0.05
1570,0,2,0,0.05
1571,0.8,0,0,1
1572,0.8,0,0,1
1573,0.8,0,0,1
1574,0.05,1,0,0.05
1575,0.05,0.5,0.05,0.25
1576,0.05,1,0,0.05
1577,0.05,1,0,0.05
1578,0.05,1,0,0.05
1579,0.05,1,0,0.05
1580,0.15,0.5,0,0.1
1581,0,0,0,0.8
1582,0.1,2.1,0,0.02
1583,0.1,2.1,0,0.02
1584,0.1,2.1,0,0.02
1585,0.05,2.1,0,0.02
1586,0.1,2.1,0,0.02
1587,0.1,2.1,0,0.02
1588,0.1,2.1,0,0.02
1589,0.8,0,0,1
1590,0.2,0.2,0,0.6
1591,0,2,0,0.05
1592,0.2,0.2,0,0.6
1593,0.15,0.25,0,0.15
1594,0.1,0.23,0,0.8
1595,0.8,0,0,1
1596,0.8,0,0,1
1597,0.8,0,0,1
1598,0.8,0,0,1
1599,0.05,1,0,0.05
1600,0.05,1,0,0.05
1601,0.15,0.5,0,0.1
1602,0.15,0.5,0,0.1
1603,0.15,0.5,0,0.1
1604,0.15,0.5,0,0.1
1605,0,0,0,0.8
1606,0,0,0,0.8
1607,0,0,0,0.8
1608,0,0,0,0.8
1609,0.1,2.1,0,0.02
1610,0.15,0.25,0,0.15
1611,0.1,2.1,0,0.02
1612,0.15,0.25,0,0.15
1613,0.15,0.25,0,0.15
1614,0.15,0.25,0,0.15
1615,0.15,0.25,0,0.15
1616,0.8,0,0,1
1617,0.8,0,0,1
1618,0.8,0,0,1
1619,0.2,0.2,0,0.6
1620,0.2,0.2,0,0.6
1621,0.1,0.8,0,0.05
1622,0.1,0.23,0,0.8
1623,0.1,0.23,0,0.8
1624,0.15,0.25,0,0.15
1625,0.1,0.23,0,0.8
1626,0.8,0,0,1
1627,0.8,0,0,1
1628,0.8,0,0,1
1629,0.02,1,0,0.3
1630,0.8,0,0,1
1631,0.8,0,0,1
1632,0.15,0.25,0,0.15
1633,0.15,0.25,0,0.15
1634,0.15,0.25,0,0.15
1635,0,0,0,0.8
1636,0,0,0,0.8
1637,0,0,0,0.8
1638,0.15,0.25,0,0.15
1639,0.15,0.25,0,0.15
1640,0.15,0.25,0,0.15
1641,0.15,0.25,0,0.15
1642,0.15,0.25,0,0.15
1643,0.15,0.25,0,0.15
1644,0.02,1,0,0.3
1645,0.02,1,0,0.3
1646,0.02,1,0,0.3
1647,0.1,0.8,0,0.05
1648,0.1,0.23,0,0.8
1649,0.1,0.23,0,0.8
1650,0.1,0.23,0,0.8
1651,0.1,0.23,0,0.8
1652,0.05,1,0,0.05
1653,0.1,0.23,0,0.8
1654,0.1,0.23,0,0.8
1655,0.8,0,0,1
1656,0.8,0,0,1
1657,0.8,0,0,1
1658,0.04,3,0,0.01
1659,0.8,0,0,1
1660,0.8,0,0,1
1661,0.15,0.25,0,0.15
1662,0.15,0.25,0,0.15
1663,0.15,0.25,0,0.15
1664,0.15,0.25,0,0.15
1665,0,0,0,0.8
1666,0,0,0,0.8
1667,0,0,0,0.8
1668,0,0,0,0.8
1669,0,0,0,0.8
1670,0.15,0.25,0,0.15
1671,0.15,0.25,0,0.15
1672,0.15,0.25,0,0.15
1673,0.05,1,0,0.05
1674,0.15,0.25,0,0.15
1675,0.04,3,0,0.01
1676,0.1,0.8,0,0.05
1677,0.1,0.8,0,0.05
1678,0.1,0.23,0,0.8
1679,0.1,0.23,0,0.8
1680,0.1,0.23,0,0.8
1681,0.05,1,0,0.05
1682,0.05,1,0,0.05
1683,0.1,0.23,0,0.8
1684,0.05,1,0,0.05
1685,0.05,1,0,0.05
1686,0.8,0,0,1
1687,0.8,0,0,1
1688,0.8,0,0,1
1689,0.04,3,0,0.01
1690,0.8,0,0,1
1691,0.15,0.25,0,0.15
1692,0.15,0.25,0,0.15
1693,0.15,0.25,0,0.15
1694,0.15,0.25,0,0.15
1695,0.15,0.1,0,0.2
1696,0,0,0,0.8
1697,0.15,0.1,0,0.2
1698,0,0,0,0.8
1699,0,0,0,0.8
1700,0,0,0,0.8
1701,0,0,0,0.8
1702,0,0,0,0.8
1814,0.05,0.75,0,0.05
1815,0.05,0.75,0,0.05
1816,0.05,0.5,0,0.05
1817,0.05,0.5,0,0.05
1818,0,5,0,0
1819,0.05,0.75,0,0.05
1820,0.05,0.75,0,0.05
1821,0.05,0.75,0,0.05
1822,0.05,0.1,0,0.7
1823,0.1,0.2,0,0.3
1824,0,1,0,0.1
1825,0.1,0.23,0,0.8
1826,0.1,0.23,0,0.8
1827,0.1,0.23,0,0.8
1828,0.1,0.23,0,0.8
1829,0.1,0.23,0,0.8
1830,0.8,0,0,1
1831,0.8,0,0,1
1832,0.02,2,0.02,0.01
1833,0.04,2,0,0.02
1834,0.02,2,0.02,0.01
1835,0.02,2,0.02,0.01
1836,0.1,0.23,0,0.8
1837,0.1,0.23,0,0.8
1838,0.8,0,0,1
1839,0.8,0,0,1
1840,0.8,0,0,1
1841,0.8,0,0,1
1842,0.8,0,0,1
1843,0.05,0.75,0,0.05
1844,0.05,0.75,0,0.05
1845,0,0.3,0,0.15
1846,0.1,0.2,0,0.3
1847,0.1,0.2,0,0.3
1848,0,0.3,0,0.15
1849,0,0.3,0,0.15
1850,0.05,0.1,0,0.7
1851,0.05,0.1,0,0.7
1852,0,1,0,0.1
1853,0,1,0,0.1
1854,0,0,0,1
1855,0,0,0,1
1856,0,0.3,0,0.15
1857,0.1,0.2,0,0.3
1858,0.1,0.23,0,0.8
1859,0.1,0.23,0,0.8
1860,0.1,0.23,0,0.8
1861,0.1,0.23,0,0.8
1862,0.1,0.23,0,0.8
1863,0.05,1.8,0.05,0.02
1864,0.02,2,0.02,0.01
1865,0.05,1.8,0.05,0.02
1866,0.1,0.23,0,0.8
1867,0.1,0.23,0,0.8
1868,0.8,0,0,1
1869,0.8,0,0,1
1870,0.8,0,0,1
1871,0.8,0,0,1
1872,0.05,1.8,0.05,0.02
1873,0.8,0,0,1
1874,0,0.3,0,0.1
1875,0.1,0.23,0,0.8
1876,0,1,0,0.1
1877,0,0.2,0,0.25
1878,0,0,0,1
1879,0,0.3,0,0.1
1880,0,0.3,0,0.1
1881,0,0.2,0,0.25
1882,0,0.1,0,0.3
1883,0,0,0,1
1884,0,0.1,0,0.3
1885,0,0.3,0,0.1
1886,0.1,0.23,0,0.8
1887,0.1,0.23,0,0.8
1888,0.1,0.23,0,0.8
1889,0.1,0.23,0,0.8
1890,0.1,0.23,0,0.8
1891,0.1,0.37,0,0.2
1892,0.1,0.37,0,0.2
1893,0.8,0,0,1
1894,0.8,0,0,1
1895,0.08,1.5,0,0.02
1896,0.08,1.5,0,0.02
1897,0,0.1,0,0.3
1898,0,0.1,0,0.4
1899,0,0.1,0,0.4
1900,0,0.2,0,0.25
1901,0,0.1,0,0.4
1902,0,0.2,0,0.25
1903,0,0.2,0,0.25
1904,0,0.1,0,0.4
1905,0.2,0.22,0,1
1906,0.1,0.23,0,0.8
1907,0.1,0.23,0,0.8
1908,0.1,0.37,0,0.2
1909,0.1,0.23,0,0.8
1910,0.1,0.23,0,0.8
1911,0.1,0.23,0,0.8
1912,0.2,0.22,0,1
1913,0,0.1,0,0.4
1914,0,0.1,0,0.4
1915,0,0.1,0,0.4
1916,0.2,0.22,0,1
1917,0.1,0.23,0,0.8
